customer id,Name,default
AB-100151402,Aaron Bergman,1
JR-162107,Justin Ritter,2
CR-127307,Craig Reiter,1
KM-1637548,Katherine Murray,1
RH-9495111,Rick Hansen,2
JM-156557,Jim Mitchum,1
TS-2134092,Toby Swindell,1
MB-1808592,Mick Brown,1
AB-100151404,Aaron Bergman,1
AJ-107801,Anthony Jacobs,2
MM-7260110,Magdelene Morse,2
VF-2171518,Vicky Freymann,2
PF-1912027,Peter Fuller,1
BP-1118545,Ben Peterman,2
PJ-1883564,Patrick Jones,1
JS-156857,Jim Sink,2
RH-9555129,Ritsa Hightower,1
AB-600103,Ann Blume,1
JK-1532527,Jason Klamczynski,2
LB-16795139,Laurel Beltran,1
NP-1832582,Naresj Patel,1
VD-2167039,Valerie Dominguez,1
PB-19210127,Phillip Breyer,1
EB-1411048,Eugene Barchas,1
AH-100301406,Aaron Hawkins,1
BP-1123058,Benjamin Patterson,1
RR-1952536,Rick Reed,1
BS-1136545,Bill Shonely,1
AH-100301404,Aaron Hawkins,1
DP-131057,Dave Poirier,2
AH-1003033,Aaron Hawkins,1
PO-18865139,Patrick O'Donnell,1
DL-128657,Dan Lawera,1
JB-1600059,Joy Bell-,1
BF-1100558,Barry Franz,1
VG-2180558,Vivek Grady,2
GT-14710139,Greg Tran,1
ZC-2191048,Zuschuss Carroll,2
AH-100301408,Aaron Hawkins,1
EB-1384045,Ellis Ballard,1
AP-1091527,Arthur Prichep,1
SW-2027558,Scott Williamson,1
JH-15820141,John Huston,1
TG-1164060,Trudy Glocke,1
DG-330087,Deirdre Greer,2
SG-2047058,Sheri Gordon,1
GP-1474058,Guy Phonely,1
MW-182207,Mitch Webber,1
CS-1246011,Chuck Sachs,1
MS-1798048,Michael Stewart,1
KC-1667548,Kimberly Carter,1
DB-1340527,Denny Blanton,1
AS-100451408,Aaron Smayling,1
DK-13090120,Dave Kipp,1
CS-1184558,Cari Sayre,2
EM-1420082,Evan Minnotte,1
DW-3480137,Dianna Wilson,2
AS-1022527,Alan Schoenberger,1
ST-2053093,Shui Tom,1
BW-106533,Barry Weirich,2
LA-1678059,Laura Armstrong,1
AB-10150139,Aimee Bixby,1
JH-158207,John Huston,2
AS-100451402,Aaron Smayling,2
BE-1141048,Bobby Elias,1
SZ-2003527,Sam Zeldin,1
RM-1937558,Raymond Messe,1
HG-1484545,Harry Greene,1
DP-310586,Dave Poirier,2
AS-100451404,Aaron Smayling,1
JB-1600048,Joy Bell-,1
AM-1070559,Anne McFarland,1
AB-25586,Alejandro Ballentine,1
RP-192707,Rachel Payne,1
BK-1126011,Berenike Kampe,2
JM-1525027,Janet Martin,1
NZ-1856545,Nick Zandusky,2
SC-20695102,Steve Chapman,1
NC-186257,Noah Childs,1
NF-183858,Natalie Fritzler,1
NZ-185657,Nick Zandusky,2
PM-1894045,Paul MacIntyre,1
MZ-1733545,Maria Zettner,1
HM-498033,Henry MacAllister,1
RW-195407,Rick Wilson,1
LH-1715545,Logan Haushalter,1
FH-1436582,Fred Hopkins,1
KM-1666048,Khloe Miller,2
PO-1886545,Patrick O'Donnell,1
AS-100451406,Aaron Smayling,2
AB-1006028,Adam Bellavance,1
DB-130607,Dave Brooks,1
VM-2168591,Valerie Mitchum,2
DM-1352548,Don Miller,1
NM-18520120,Neoma Murray,1
LC-168857,Lena Creighton,2
RO-1978027,Rose O'Brian,1
EM-1406548,Erin Mull,1
ON-1871545,Odella Nelson,1
VS-2182027,Vivek Sundaresam,1
CM-121157,Chad McGuire,1
AB-100601404,Adam Bellavance,1
AB-100601406,Adam Bellavance,1
JK-153257,Jason Klamczynski,1
RP-1927045,Rachel Payne,1
DW-1354078,Don Weiss,2
AB-100601408,Adam Bellavance,2
GM-1444037,Gary McGarr,1
SV-2081558,Stuart Van,1
MM-1792027,Michael Moore,1
JK-1612059,Julie Kriz,1
EM-14200130,Evan Minnotte,1
AB-100601402,Adam Bellavance,1
PM-1894059,Paul MacIntyre,2
AT-1043582,Alyssa Tate,1
AB-1001527,Aaron Bergman,1
PV-1898518,Paul Van Hugh,2
SB-2029064,Sean Braxton,1
SM-10005116,Sally Matthias,2
KH-1633059,Katharine Harms,1
MP-181757,Mike Pelletier,2
LH-1702027,Lisa Hazard,1
CR-126257,Corey Roper,1
NC-1862511,Noah Childs,1
GM-1468091,Greg Matthias,2
RA-1994545,Ryan Akin,1
DB-1306048,Dave Brooks,1
RF-197357,Roland Fjeld,2
JH-1582048,John Huston,1
DM-1295551,Dario Medina,2
BE-1133582,Bill Eplett,1
SO-2033527,Sean O'Donnell,2
DK-12835120,Damala Kotsonis,1
LC-7050110,Liz Carlisle,1
CG-125207,Claire Gute,1
HG-1502559,Hunter Glantz,1
AD-1018059,Alan Dominguez,1
BP-11155139,Becky Pak,2
AA-10480130,Andrew Allen,1
RL-196157,Rob Lucas,1
SW-2024559,Scot Wooten,1
BW-1111027,Bart Watters,1
YC-21895139,Yoseph Carroll,1
JM-1558082,Jill Matthias,2
MZ-733513,Maria Zettner,1
JF-15295120,Jason Fortune-,1
DJ-3510137,Don Jones,1
MF-1825045,Monica Federle,1
TC-2129545,Toby Carlisle,1
CP-1234058,Christine Phan,1
EH-1412545,Eugene Hildebrand,1
NC-183407,Nat Carroll,1
JS-1603059,Joy Smith,1
AM-10360139,Alice McCarthy,1
JF-1519021,Jamie Frazer,1
AB-100157,Aaron Bergman,2
JG-15160139,James Galang,1
AH-100751406,Adam Hart,1
AG-1033059,Alex Grayson,1
NF-1847548,Neil Französisch,1
DR-129407,Daniel Raglin,1
NB-1865548,Nona Balk,1
NM-1844527,Nathan Mautz,1
TA-213857,Tom Ashbrook,1
SC-20380102,Shahid Collister,1
PA-9060117,Pete Armstrong,1
RB-19570120,Rob Beeghly,2
AH-100751404,Adam Hart,1
LH-1675036,Larry Hughes,1
AH-100751402,Adam Hart,2
KB-1658527,Ken Black,2
AH-1007523,Adam Hart,1
MZ-751560,Mary Zewe,2
DM-1334558,Denise Monton,1
CA-1196566,Carol Adams,2
SC-20305120,Sean Christensen,2
MH-1811558,Mick Hernandez,1
KS-163007,Karen Seio,1
BG-1174078,Bruce Geld,1
CR-2625108,Corey Roper,1
DK-1309027,Dave Kipp,2
JL-1583527,John Lee,2
AP-1072058,Anne Pryor,2
CR-1282058,Cyra Reiten,1
BF-110807,Bart Folk,2
JM-15265102,Janet Molinari,1
TW-2102545,Tamara Willingham,2
RB-1933045,Randy Bradley,1
AH-100751408,Adam Hart,2
AB-10060117,Adam Bellavance,1
JR-567038,Jim Radford,2
MD-1735028,Maribeth Dona,2
EB-13840139,Ellis Ballard,2
JL-58359,John Lee,1
EP-1391559,Emily Phan,2
MS-17770139,Maxwell Schwartz,2
CM-1265545,Corinna Mitchell,1
JC-610575,Julie Creighton,2
GB-145307,George Bell,1
JH-161805,Justin Hirsh,2
MT-807038,Michelle Tran,1
AB-1010558,Adrian Barton,1
CV-280572,Cynthia Voltz,1
NH-1861092,Nicole Hansen,2
HJ-1487527,Heather Jas,1
JL-1517518,James Lanier,1
MY-1829593,Muhammed Yedwab,1
KC-1654093,Kelly Collister,1
CS-1246093,Chuck Sachs,1
HA-1492027,Helen Andreada,1
MT-1781545,Meg Tillman,1
FW-1439545,Fred Wasserman,1
BH-1171048,Brosina Hoffman,2
DK-1289559,Dana Kaydos,2
KD-1627018,Karen Daniels,1
SC-208458,Sung Chung,1
CY-1274582,Craig Yedwab,1
HL-150407,Hunter Lopez,1
CT-1199566,Carol Triggs,1
CC-12370139,Christopher Conant,1
GR-456072,Georgia Rosenberg,1
TT-2107058,Ted Trevino,1
PO-19195120,Phillina Ober,1
ED-13885144,Emily Ducich,1
AP-1091559,Arthur Prichep,1
TM-2149031,Tony Molinari,1
AW-1084091,Anthony Witt,2
SG-10605107,Speros Goranitis,2
BM-1178582,Bryan Mills,2
DK-1337582,Dennis Kane,1
AS-100901406,Adam Shillingsburg,2
AS-100901402,Adam Shillingsburg,1
SF-10200134,Sarah Foster,1
JW-5220111,Jane Waco,1
CC-1210082,Chad Cunningham,1
RD-1993092,Russell D'Ascenzo,2
BP-123022,Benjamin Patterson,2
SA-20830139,Sue Ann Reed,2
EM-1381058,Eleni McCrary,1
CS-12175130,Charles Sheldon,1
JD-16060120,Julia Dunbar,2
GH-1466527,Greg Hansen,1
CM-1193527,Carlos Meador,2
JB-1600093,Joy Bell-,1
RB-9465108,Rick Bensley,1
RB-1979518,Ross Baird,1
PO-191957,Phillina Ober,1
TS-212057,Thomas Seio,1
MV-8190117,Mike Vittorini,1
BD-11560139,Brendan Dodson,2
PS-1876059,Pamela Stobb,1
FM-1421551,Filia McAdams,1
CA-1277558,Cynthia Arntzen,2
CD-1279048,Cynthia Delaney,1
NL-1831092,Nancy Lomonaco,1
TB-2105545,Ted Butterfield,1
KD-1649527,Keith Dawkins,1
EH-412557,Eugene Hildebrand,2
KB-1660058,Ken Brennan,1
MG-1769564,Maureen Gnade,1
VF-21715102,Vicky Freymann,1
BP-11290113,Beth Paige,1
HZ-49504,Henia Zydlo,1
EM-1382566,Elizabeth Moffitt,1
AS-100901408,Adam Shillingsburg,1
BS-1180059,Bryan Spruell,2
DV-1346539,Dianna Vittorini,1
MB-173057,Maria Bertelson,1
PC-19000120,Pauline Chand,2
CA-1231045,Christine Abelman,1
MB-1808545,Mick Brown,1
AS-100901404,Adam Shillingsburg,1
DB-3660107,Duane Benoit,1
BG-1174018,Bruce Geld,2
KB-1631578,Karl Braun,2
PK-190757,Pete Kriz,1
CS-121757,Charles Sheldon,1
AF-1088545,Art Foster,1
SJ-2050045,Shirley Jackson,2
DM-1295545,Dario Medina,1
CC-1261048,Corey Catlett,1
BE-114557,Brad Eason,1
TG-2164014,Trudy Glocke,1
VM-2168545,Valerie Mitchum,1
SC-2069539,Steve Chapman,1
SN-2056097,Skye Norling,1
CD-122807,Christina DeMoss,1
CC-1210045,Chad Cunningham,1
BG-1103544,Barry Gonzalez,1
CC-125507,Clay Cheatham,2
AB-101057,Adrian Barton,1
SV-2078559,Stewart Visinsky,2
HW-1493545,Helen Wasserman,1
AS-1028558,Alejandro Savely,1
LD-1685545,Lela Donovan,1
NS-1850528,Neola Schneider,2
CM-1271582,Craig Molinari,1
VG-2180527,Vivek Grady,1
JD-606049,Julia Dunbar,1
MG-17680144,Maureen Gastineau,1
CD-1228058,Christina DeMoss,1
DB-13210139,Dean Braden,2
CS-118608,Cari Schnelling,2
AF-1088558,Art Foster,1
BN-11470130,Brad Norvell,2
GG-1465045,Greg Guthrie,1
BS-166560,Brian Stugart,1
AC-1045058,Amy Cox,2
CK-1220564,Chloris Kastensmidt,2
JD-16150139,Justin Deggeller,1
CC-2550137,Clay Cheatham,1
MS-17830139,Melanie Seite,1
GT-14710120,Greg Tran,1
CL-1270058,Craig Leslie,2
MM-1792045,Michael Moore,1
CM-1216093,Charles McCrossin,2
DB-1306027,Dave Brooks,1
JW-522087,Jane Waco,1
BN-1147082,Brad Norvell,1
JC-157757,John Castell,1
HL-1504093,Hunter Lopez,2
LH-1690018,Lena Hernandez,2
DV-1304559,Darrin Van Huff,1
BT-1153058,Bradley Talbott,1
BM-165060,Brian Moss,1
MG-1820558,Mitch Gastineau,1
FC-1424528,Frank Carlisle,1
TT-2122051,Thomas Thornton,1
CY-1274558,Craig Yedwab,1
SJ-2021582,Sarah Jordon,1
PB-1880593,Patrick Bzostek,1
RW-1969027,Robert Waldorf,2
DB-3360146,Dennis Bolton,2
DK-1315048,David Kendrick,2
RW-9540117,Rick Wilson,2
PS-1904527,Penelope Sewall,2
AB-101051402,Adrian Barton,1
MO-1780066,Meg O'Connel,2
NF-1847527,Neil Französisch,1
MR-1754558,Mathew Reese,1
CB-1241548,Christy Brittain,1
LC-1705092,Liz Carlisle,1
RA-1988527,Ruben Ausman,1
MG-814533,Mike Gockenbach,1
AB-101051408,Adrian Barton,1
EM-1396058,Eric Murdock,1
DJ-1342082,Denny Joy,1
CD-1192045,Carlos Daly,1
BO-1142582,Bobby Odegard,1
AB-101051404,Adrian Barton,2
KM-16720102,Kunst Miller,1
SV-2078545,Stewart Visinsky,2
BG-1169582,Brooke Gillingham,1
CS-121307,Chad Sievert,2
BD-163561,Brian Derr,1
RF-19345120,Randy Ferguson,2
JE-1616559,Justin Ellison,1
MG-768060,Maureen Gastineau,2
CC-1247558,Cindy Chapman,1
LT-1676564,Larry Tron,2
FH-14365120,Fred Hopkins,1
BF-1097545,Barbara Fisher,1
CJ-1201027,Caroline Jumper,1
SH-997557,Sally Hughsby,1
SL-2015582,Sara Luxemburg,2
NC-834073,Nat Carroll,1
JB-5400117,Jennifer Braxton,1
TB-2125031,Tim Brockman,1
PS-1897028,Paul Stevenson,2
BB-1154548,Brenda Bowman,1
SG-1047047,Sheri Gordon,1
SP-20920130,Susan Pistek,1
NZ-1856558,Nick Zandusky,1
Dp-1324027,Dean percer,1
GZ-1447064,Gary Zandusky,2
AH-1007582,Adam Hart,2
CB-2025103,Cassandra Brandow,1
SC-200507,Sample Company A,1
AM-10705125,Anne McFarland,2
SC-102302,Scot Coram,1
JS-1559559,Jill Stevenson,1
BS-1138059,Bill Stewart,2
TC-21295130,Toby Carlisle,1
JL-5130108,Jack Lebron,1
Dp-1324066,Dean percer,1
NF-1838511,Natalie Fritzler,1
AS-10090139,Adam Shillingsburg,1
EL-137357,Ed Ludwig,1
FH-1427559,Frank Hawley,1
LT-1676558,Larry Tron,1
BN-1147027,Brad Norvell,1
BP-11230120,Benjamin Patterson,1
DM-1352558,Don Miller,1
SM-1032025,Sean Miller,1
PM-191357,Peter McVee,1
TS-1143085,Tom Stivers,1
TS-2134018,Toby Swindell,1
AM-107057,Anne McFarland,1
LS-1724582,Lynn Smith,2
CM-1181597,Candace McMahon,1
FG-1426045,Frank Gastineau,1
KN-670560,Kristina Nunn,1
TB-1152089,Tracy Blumstein,2
GM-1444091,Gary McGarr,1
AB-10523,Adrian Barton,1
JB-1540051,Jennifer Braxton,2
JS-1603097,Joy Smith,1
AM-10705102,Anne McFarland,1
SF-2020039,Sarah Foster,1
JF-1529531,Jason Fortune-,2
KH-16510102,Keith Herrera,1
DL-1333058,Denise Leinenbach,1
KN-163907,Katherine Nockton,2
SV-2093527,Susan Vittorini,1
MD-178607,Michael Dominguez,2
LS-1720045,Luke Schmidt,1
JM-1586582,John Murray,2
CM-124457,Chuck Magee,1
SS-20140104,Saphhira Shifley,1
BW-1111058,Bart Watters,2
JE-1561058,Jim Epp,1
GH-1442527,Gary Hwang,1
JK-1609058,Juliana Krohn,1
SM-2032036,Sean Miller,1
GR-1456082,Georgia Rosenberg,2
AB-101051406,Adrian Barton,1
DH-367577,Duane Huffman,1
MM-8280108,Muhammed MacIntyre,1
PM-913560,Peter McVee,1
GH-144257,Gary Hwang,2
JM-1586597,John Murray,1
CM-1211564,Chad McGuire,2
SC-2084527,Sung Chung,1
GP-474086,Guy Phonely,1
AF-1087014,Art Ferguson,1
TS-2150545,Tony Sayre,2
CR-1273028,Craig Reiter,1
BM-115757,Brendan Murry,1
AH-100308,Aaron Hawkins,1
AG-1049527,Andrew Gjertsen,2
BN-11470139,Brad Norvell,1
AG-6758,Anna Gayman,1
SW-2075545,Steven Ward,1
SK-1999045,Sally Knutson,2
MP-18175144,Mike Pelletier,2
AG-1090082,Arthur Gainer,1
AJ-96086,Astrea Jones,2
MC-7275137,Marc Crier,1
EJ-13720113,Ed Jacobs,1
MS-1736539,Maribeth Schnelling,2
DH-13675139,Duane Huffman,1
HE-1480018,Harold Engle,1
SB-2017027,Sarah Bern,1
VT-2170092,Valerie Takahito,1
BC-1112592,Becky Castell,2
NF-1859527,Nicole Fjeld,1
AH-101201404,Adrian Hane,1
RB-19330120,Randy Bradley,2
CS-11950124,Carlos Soltero,1
BW-11110120,Bart Watters,1
LW-1682558,Laurel Workman,1
RD-19585120,Rob Dowd,1
BT-1168066,Brian Thompson,1
AH-101201402,Adrian Hane,1
AH-101201408,Adrian Hane,1
TB-2117564,Thomas Boland,1
MD-7860137,Michael Dominguez,2
JH-1618059,Justin Hirsh,1
CC-1214548,Charles Crestani,1
XP-2186539,Xylona Preis,1
TS-2137058,Todd Sumrall,2
ML-1741031,Maris LaWare,2
BS-1166545,Brian Stugart,2
CA-1196548,Carol Adams,1
QJ-1925527,Quincy Jones,2
RE-1945036,Richard Eichhorn,2
CP-2085117,Cathy Prescott,1
JK-5730108,Joe Kamberova,1
HZ-1495045,Henia Zydlo,1
AR-105707,Anemone Ratner,1
EH-14005120,Erica Hernandez,1
JR-1570058,Jocasta Rupert,1
PL-1892588,Paul Lucas,1
TC-2114582,Theresa Coyne,1
DG-1330082,Deirdre Greer,1
LW-1699045,Lindsay Williams,2
Dl-1360045,Dorris liebe,1
SC-2009545,Sanjit Chand,1
EB-1393059,Eric Barreto,1
SM-2000518,Sally Matthias,1
JR-1567048,Jim Radford,1
CM-1216027,Charles McCrossin,2
DL-129257,Daniel Lacy,1
FM-1429065,Frank Merwin,1
DP-1316558,David Philippe,1
CK-1259592,Clytie Kelty,2
GM-1444027,Gary McGarr,2
CM-1183045,Cari MacIntyre,1
MM-1726027,Magdelene Morse,1
ME-17320139,Maria Etezadi,1
CS-1249082,Cindy Schnelling,2
GH-14410120,Gary Hansen,1
MC-1763536,Matthew Clasen,1
VT-2170018,Valerie Takahito,2
SJ-2021527,Sarah Jordon,2
CD-1192027,Carlos Daly,2
TA-21385102,Tom Ashbrook,1
DJ-88887148,Denny Joy,2
LM-7065105,Liz MacKendrick,1
AR-1051064,Andrew Roberts,1
JH-1591066,Jonathan Howell,2
PC-1900078,Pauline Chand,1
CM-12235139,Chris McAfee,1
DK-337533,Dennis Kane,1
EG-1390045,Emily Grady,1
AH-100757,Adam Hart,1
AS-1063092,Ann Steele,1
CL-1189018,Carl Ludwig,2
CA-12265139,Christina Anderson,1
DB-1297045,Darren Budd,1
PC-1900048,Pauline Chand,1
VS-218207,Vivek Sundaresam,2
AS-101351406,Adrian Shami,2
AS-13523,Adrian Shami,1
JR-1567027,Jim Radford,1
MF-1766527,Maureen Fritzler,1
EB-13930139,Eric Barreto,1
EB-1397518,Erica Bern,1
AS-101351404,Adrian Shami,2
MV-1748545,Mark Van Huff,1
JW-1595545,Joni Wasserman,1
LA-1678027,Laura Armstrong,2
FM-1421564,Filia McAdams,1
AB-101501406,Aimee Bixby,1
MC-1757518,Matt Collins,1
MC-1763582,Matthew Clasen,2
JF-541586,Jennifer Ferguson,1
AH-1021018,Alan Hwang,1
PO-1919527,Phillina Ober,2
BM-1178527,Bryan Mills,1
KD-1634558,Katherine Ducich,2
TS-21610139,Troy Staebel,1
AR-1051027,Andrew Roberts,2
PG-1889582,Paul Gonzalez,2
LC-1705051,Liz Carlisle,1
DJ-1342045,Denny Joy,2
HK-1489045,Heather Kirkland,1
HH-5010129,Hilary Holden,1
RR-193157,Ralph Ritter,2
SH-2063548,Stefanie Holloman,1
AB-101501402,Aimee Bixby,1
DV-1346527,Dianna Vittorini,1
RP-985586,Roy Phan,2
NF-1838582,Natalie Fritzler,1
LR-1703548,Lisa Ryan,1
DR-1294058,Daniel Raglin,2
AF-1087048,Art Ferguson,2
IM-5055106,Ionia McGrath,2
AS-285108,Alejandro Savely,2
DK-1298539,Darren Koutras,2
RW-1954096,Rick Wilson,1
EH-418561,Evan Henry,2
ML-1739559,Marina Lichtenstein,1
BF-1121593,Benjamin Farhat,2
MB-730533,Maria Bertelson,1
KN-164507,Kean Nguyen,1
HR-14770102,Hallie Redmond,2
CK-1276045,Cyma Kinney,1
PB-192107,Phillip Breyer,1
AB-16523,Alan Barnes,2
AA-1048031,Andrew Allen,2
RO-97803,Rose O'Brian,1
AB-101651404,Alan Barnes,1
MR-175457,Mathew Reese,1
SP-2092064,Susan Pistek,1
AH-1046593,Amy Hunt,1
AB-101651408,Alan Barnes,1
AH-105857,Angele Hood,1
CV-2805134,Cynthia Voltz,2
JK-1532545,Jason Klamczynski,1
RB-943575,Richard Bierner,2
AG-52560,Andy Gerbode,1
AR-1034582,Alex Russell,1
MW-8220110,Mitch Webber,2
AH-21038,Alan Hwang,1
FC-142457,Frank Carlisle,2
ML-1741027,Maris LaWare,1
TH-212357,Tiffany House,1
AB-101651406,Alan Barnes,2
TW-2102527,Tamara Willingham,2
LT-7110117,Liz Thompson,1
KN-16390139,Katherine Nockton,1
HD-1478548,Harold Dahlen,1
MC-7575110,Matt Collins,2
CS-1246058,Chuck Sachs,2
ME-1732064,Maria Etezadi,2
SW-2027564,Scott Williamson,2
CR-1282051,Cyra Reiten,2
HM-14860125,Harry Marie,2
CC-247587,Cindy Chapman,1
JM-1525045,Janet Martin,1
PS-18970118,Paul Stevenson,2
CM-1219045,Charlotte Melton,2
QJ-1925564,Quincy Jones,2
TS-2150559,Tony Sayre,1
AB-101651402,Alan Barnes,1
KM-1672078,Kunst Miller,1
SB-2018518,Sarah Brown,2
MT-1807045,Michelle Tran,1
JF-15415139,Jennifer Ferguson,1
MT-807095,Michelle Tran,2
ES-14020120,Erica Smith,2
AB-60042,Ann Blume,1
PS-189707,Paul Stevenson,1
EB-13975139,Erica Bern,2
AF-1087018,Art Ferguson,1
MC-1742559,Mark Cousins,1
CC-1268558,Craig Carroll,1
EH-4125134,Eugene Hildebrand,2
BS-116657,Brian Stugart,1
IM-1507059,Irene Maddox,1
SM-1032029,Sean Miller,2
DA-1345055,Dianna Arnett,2
DB-1306045,Dave Brooks,1
LC-1688582,Lena Creighton,2
TC-2098045,Tamara Chand,1
SW-2035059,Sean Wendt,1
JW-1522058,Jane Waco,2
DA-1345031,Dianna Arnett,1
CM-1830117,Cari MacIntyre,1
CS-1184527,Cari Sayre,1
MO-1780051,Meg O'Connel,2
CR-1273018,Craig Reiter,1
MY-1738096,Maribeth Yedwab,2
MS-7830110,Melanie Seite,2
SW-207557,Steven Ward,1
HG-1496597,Henry Goldwyn,1
DC-1328551,Debra Catini,1
DL-13315139,Delfina Latchford,1
TH-21235125,Tiffany House,2
JK-15370100,Jay Kimmel,2
CH-207060,Cathy Hwang,1
ST-205307,Shui Tom,2
SP-2092048,Susan Pistek,1
MH-744033,Mark Haberlin,1
MC-1784558,Michael Chen,2
PW-19030139,Pauline Webber,1
BS-1159045,Brendan Sweed,2
AD-101801404,Alan Dominguez,2
DO-1343558,Denny Ordway,2
SG-2089051,Susan Gilcrest,1
JC-161057,Julie Creighton,2
TB-2119058,Thomas Brumley,2
KD-1627059,Karen Daniels,2
BM-1114059,Becky Martin,1
SV-1078529,Stewart Visinsky,1
AH-1003082,Aaron Hawkins,2
AD-101801402,Alan Dominguez,1
VP-21760120,Victoria Pisteka,1
EG-13900139,Emily Grady,1
TC-21145102,Theresa Coyne,1
LR-1691558,Lena Radford,2
AD-101801406,Alan Dominguez,1
TH-21550130,Tracy Hopkins,1
HD-1478527,Harold Dahlen,1
TP-2113027,Theone Pippenger,1
TC-11145108,Theresa Coyne,1
JL-1523536,Janet Lee,1
RK-1930018,Ralph Kennedy,2
CC-1267064,Craig Carreira,1
TC-2098058,Tamara Chand,1
CM-123857,Christopher Martinez,1
BG-1103564,Barry Gonzalez,1
MG-1789097,Michael Granlund,1
MM-1726078,Magdelene Morse,2
TG-2164078,Trudy Glocke,1
CC-1237011,Christopher Conant,1
SC-2084582,Sung Chung,2
PS-1904518,Penelope Sewall,1
CB-1202559,Cassandra Brandow,1
BT-11395139,Bill Tyler,1
SJ-2050051,Shirley Jackson,1
MC-1784545,Michael Chen,1
MG-1820518,Mitch Gastineau,1
RA-199157,Russell Applegate,1
TT-11265103,Tim Taslimi,1
TH-1123561,Tiffany House,1
DM-1301564,Darrin Martin,1
VG-217905,Vivek Gonzalez,1
JW-1595527,Joni Wasserman,1
ZC-2191058,Zuschuss Carroll,1
NW-1840082,Natalie Webber,1
VP-217307,Victor Preis,1
SS-2041045,Shahid Shariari,1
AH-101951408,Alan Haines,1
AG-27032,Alejandro Grove,1
BW-1120045,Ben Wallace,1
FM-1421545,Filia McAdams,1
AH-101951406,Alan Haines,1
NL-1831027,Nancy Lomonaco,1
SC-1072524,Steven Cartwright,2
CA-1226592,Christina Anderson,2
AH-19523,Alan Haines,1
AG-1052582,Andy Gerbode,1
PL-1892527,Paul Lucas,1
AB-1001545,Aaron Bergman,1
TS-2150527,Tony Sayre,2
MG-1814558,Mike Gockenbach,2
AH-101951402,Alan Haines,1
RD-1958514,Rob Dowd,1
BD-116057,Brian Dahlen,1
PB-191057,Peter Bühler,2
AB-10150120,Aimee Bixby,1
GK-1462092,Grace Kelly,1
SC-2057582,Sonia Cooley,2
CC-1247566,Cindy Chapman,1
DO-343515,Denny Ordway,1
NS-1850582,Neola Schneider,1
AH-102101406,Alan Hwang,1
TS-2143045,Tom Stivers,1
AH-102101404,Alan Hwang,2
AZ-1075093,Annie Zypern,2
AH-102101408,Alan Hwang,2
IG-1508545,Ivan Gibson,1
SP-2086045,Sung Pak,2
KM-162257,Kalyca Meade,1
BS-1136518,Bill Shonely,1
TC-211457,Theresa Coyne,2
KM-672060,Kunst Miller,2
GM-144407,Gary McGarr,1
BF-1097527,Barbara Fisher,1
MM-1805548,Michelle Moray,2
AH-102101402,Alan Hwang,1
RB-193607,Raymond Buch,1
NC-8415137,Nathan Cano,1
GR-1456096,Georgia Rosenberg,1
SN-207107,Steve Nguyen,2
DL-333061,Denise Leinenbach,1
CJ-118757,Carl Jackson,1
AY-10555139,Andy Yotov,2
CP-1234036,Christine Phan,1
MP-1747093,Mark Packer,1
PJ-19015139,Pauline Johnson,1
NC-1841593,Nathan Cano,1
BV-11245120,Benjamin Venier,1
LW-1682545,Laurel Workman,1
BO-1142545,Bobby Odegard,1
EB-1384059,Ellis Ballard,2
SG-2047031,Sheri Gordon,1
PO-919586,Phillina Ober,1
CS-1184516,Cari Sayre,1
KB-1658548,Ken Black,2
EM-1414058,Eugene Moren,1
KN-1639048,Katherine Nockton,1
SL-2015566,Sara Luxemburg,2
CM-1211578,Chad McGuire,2
GZ-4545108,George Zrebassa,1
DK-1298582,Darren Koutras,2
DK-1298558,Darren Koutras,1
PN-1877527,Parhena Norris,2
MS-1798058,Michael Stewart,1
EH-1412578,Eugene Hildebrand,2
AG-1090045,Arthur Gainer,1
BS-1159066,Brendan Sweed,2
BP-11185139,Ben Peterman,1
BH-1171039,Brosina Hoffman,1
AS-28560,Alejandro Savely,2
SC-2080058,Stuart Calhoun,1
SV-208157,Stuart Van,1
MP-1817545,Mike Pelletier,1
AS-102251408,Alan Schoenberger,1
TT-114602,Tonja Turnell,2
PS-1876048,Pamela Stobb,1
RR-1952527,Rick Reed,1
AC-1042027,Alyssa Crouse,1
TP-2113082,Theone Pippenger,2
CG-1204092,Catherine Glotzbach,1
BG-1103527,Barry Gonzalez,1
CR-12580144,Clay Rozendal,1
TR-11325129,Toby Ritter,1
SC-2044082,Shaun Chance,2
BT-1168027,Brian Thompson,1
AS-102251404,Alan Schoenberger,1
CC-1237026,Christopher Conant,2
DC-1328582,Debra Catini,1
JE-1574531,Joel Eaton,1
DB-1321036,Dean Braden,1
LS-1720080,Luke Schmidt,1
BE-11335139,Bill Eplett,2
MH-180257,Michelle Huthwaite,2
JB-1592548,Joni Blumstein,2
TW-21025139,Tamara Willingham,1
GW-1460527,Giulietta Weimer,1
SC-2072518,Steven Cartwright,1
LR-1691544,Lena Radford,1
FO-1430545,Frank Olsen,1
SV-10815126,Stuart Van,2
JF-1541527,Jennifer Ferguson,1
SS-2014018,Saphhira Shifley,1
RP-19855130,Roy Phan,1
AB-1006059,Adam Bellavance,1
RB-1933082,Randy Bradley,1
LW-172157,Luke Weiss,1
AR-1051045,Andrew Roberts,1
AG-1090058,Arthur Gainer,1
LH-17155118,Logan Haushalter,2
KB-1624058,Karen Bern,1
KA-1652539,Kelly Andreada,1
BM-111407,Becky Martin,1
JL-1517559,James Lanier,2
EM-396086,Eric Murdock,1
AS-1022511,Alan Schoenberger,1
SC-2023058,Scot Coram,2
JD-1579059,John Dryer,2
JL-1585048,John Lucas,2
JW-1607592,Julia West,1
LL-684033,Lauren Leatherbury,1
TH-2110045,Thea Hendricks,1
MC-1727545,Marc Crier,1
NG-8430108,Nathan Gelder,2
KD-1661545,Ken Dana,1
MC-1760536,Matt Connell,1
AS-22523,Alan Schoenberger,2
JK-1562539,Jim Karlsson,1
BD-1150059,Bradley Drucker,1
CP-1208527,Cathy Prescott,1
AS-102251406,Alan Schoenberger,2
KN-1645082,Kean Nguyen,2
TM-2149059,Tony Molinari,2
TS-115053,Tony Sayre,1
LD-6855117,Lela Donovan,1
LP-170807,Liz Pelletier,2
KA-1652548,Kelly Andreada,2
DK-1315039,David Kendrick,1
KD-1649545,Keith Dawkins,2
BB-115457,Brenda Bowman,2
BN-1147078,Brad Norvell,1
CV-1280566,Cynthia Voltz,1
CM-1193531,Carlos Meador,1
SK-1999082,Sally Knutson,1
BE-11410139,Bobby Elias,2
KM-1672048,Kunst Miller,1
TB-215205,Tracy Blumstein,2
JC-1610514,Julie Creighton,1
MO-1750048,Mary O'Rourke,1
MS-175307,MaryBeth Skach,1
GA-145157,George Ashbrook,2
CS-123557,Christine Sundaresam,1
SW-202458,Scot Wooten,1
CP-208560,Cathy Prescott,2
PF-1916545,Philip Fox,2
BS-1138045,Bill Stewart,1
GM-1450093,Gene McClure,1
AS-102401408,Alan Shonely,2
CC-1247518,Cindy Chapman,1
VF-21715120,Vicky Freymann,1
HG-1496566,Henry Goldwyn,1
CC-267071,Craig Carreira,1
KM-163757,Katherine Murray,2
HR-148307,Harold Ryan,1
ED-1388527,Emily Ducich,1
TB-21520120,Tracy Blumstein,2
MW-1822027,Mitch Webber,2
RH-960038,Rob Haberlin,1
SB-202907,Sean Braxton,2
MN-1793527,Michael Nguyen,1
RP-19390102,Resi Pölking,1
LB-1679558,Laurel Beltran,1
PK-1891082,Paul Knutson,1
LS-1694559,Linda Southworth,1
JK-1573064,Joe Kamberova,1
AS-102401404,Alan Shonely,1
BT-113957,Bill Tyler,1
AS-102401406,Alan Shonely,1
MC-1810045,Mick Crebagga,1
NZ-18565139,Nick Zandusky,1
NF-18385124,Natalie Fritzler,1
SS-2041091,Shahid Shariari,1
EH-1394564,Eric Hoffmann,2
CS-1184511,Cari Sayre,1
JM-161957,Justin MacKendrick,1
MG-1789027,Michael Granlund,1
PL-1892545,Paul Lucas,1
MA-1799548,Michelle Arnett,1
SP-2065059,Stephanie Phelps,2
RW-1969058,Robert Waldorf,2
AH-1007559,Adam Hart,1
JH-1543082,Jennifer Halladay,2
PO-1885045,Patrick O'Brill,1
KB-1631545,Karl Braun,1
ZC-2191064,Zuschuss Carroll,1
ML-1775545,Max Ludwig,1
CD-1279045,Cynthia Delaney,1
PC-18745102,Pamela Coakley,1
KE-1642018,Katrina Edelman,1
EM-420086,Evan Minnotte,1
DW-134807,Dianna Wilson,1
SC-10680134,Steve Carroll,1
JG-1580527,John Grady,1
PV-898522,Paul Van Hugh,2
AS-24023,Alan Shonely,2
RS-197658,Roland Schwarz,1
SH-199757,Sally Hughsby,1
SB-201707,Sarah Bern,1
JF-541549,Jennifer Ferguson,1
DK-1298518,Darren Koutras,1
GA-1472527,Guy Armstrong,1
XP-218657,Xylona Preis,1
GT-475533,Guy Thornton,1
HA-1492016,Helen Andreada,1
JF-15295139,Jason Fortune-,1
PR-1888082,Patrick Ryan,2
AW-1084048,Anthony Witt,1
AG-1067555,Anna Gayman,1
CJ-1187527,Carl Jackson,2
AG-1076558,Anthony Garverick,2
SE-2011048,Sanjit Engle,1
DM-130157,Darrin Martin,2
AB-102551404,Alejandro Ballentine,2
VP-2173026,Victor Preis,2
JB-1604526,Julia Barnett,1
MD-1786059,Michael Dominguez,1
JM-558069,Jill Matthias,2
SC-203057,Sean Christensen,1
JO-1528058,Jas O'Carroll,2
AB-25523,Alejandro Ballentine,2
EM-1414039,Eugene Moren,1
PO-1918011,Philisse Overcash,2
AB-102551406,Alejandro Ballentine,1
AB-102551402,Alejandro Ballentine,1
MG-1769527,Maureen Gnade,1
AP-1072092,Anne Pryor,2
SE-2011064,Sanjit Engle,1
JK-1532582,Jason Klamczynski,1
RK-1930082,Ralph Kennedy,1
EJ-1415531,Eva Jacobs,2
JB-1600064,Joy Bell-,2
AF-1087027,Art Ferguson,1
AF-1087058,Art Ferguson,2
GM-144551,Gary Mitchum,1
TP-21130144,Theone Pippenger,1
MT-1781527,Meg Tillman,1
SM-209057,Susan MacKendrick,1
DW-135407,Don Weiss,1
BO-142579,Bobby Odegard,1
AB-102551408,Alejandro Ballentine,1
CM-1193518,Carlos Meador,2
AW-10930139,Arthur Wiediger,1
DK-1283536,Damala Kotsonis,2
CM-122357,Chris McAfee,2
AF-1088564,Art Foster,1
MP-1747048,Mark Packer,2
OT-18730120,Olvera Toch,2
ON-1871582,Odella Nelson,2
JP-1546059,Jennifer Patt,1
AS-102407,Alan Shonely,1
TB-11625134,Trudy Brown,1
JP-5520129,Jeremy Pistek,1
DB-1340582,Denny Blanton,2
JD-161507,Justin Deggeller,1
BD-1177045,Bryan Davis,1
BD-116357,Brian Derr,1
GR-1456045,Georgia Rosenberg,1
CC-2370108,Christopher Conant,2
GM-1469527,Greg Maxwell,1
PO-8850117,Patrick O'Brill,1
ND-18370139,Natalie DeCherney,2
TZ-2144527,Tom Zandusky,1
BT-1139564,Bill Tyler,1
JE-1547566,Jeremy Ellison,1
RB-1943559,Richard Bierner,1
AI-108557,Arianne Irving,1
MH-1744027,Mark Haberlin,2
DB-13210120,Dean Braden,2
NM-1852082,Neoma Murray,1
JE-616574,Justin Ellison,1
Dl-13600130,Dorris liebe,1
AH-1021051,Alan Hwang,1
DS-1318093,David Smith,2
DV-1304582,Darrin Van Huff,2
DK-1315031,David Kendrick,2
AC-10660144,Anna Chung,2
CC-1243082,Chuck Clark,1
NG-1835531,Nat Gilpin,2
KE-1642031,Katrina Edelman,1
SJ-202158,Sarah Jordon,1
AR-1082545,Anthony Rawles,1
BM-1178558,Bryan Mills,1
JH-1582045,John Huston,1
AA-1048059,Andrew Allen,1
RC-19825139,Roy Collins,1
MO-17800113,Meg O'Connel,1
JD-1601551,Joy Daniels,1
MY-182957,Muhammed Yedwab,1
EH-14005139,Erica Hernandez,1
AF-1088582,Art Foster,1
JH-5910117,Jonathan Howell,1
SC-10695117,Steve Chapman,1
DJ-1342064,Denny Joy,2
AG-102701402,Alejandro Grove,1
